,text,date
0,"Microsoft Corp. stock rises Tuesday, still underperforms market.	Shares of Microsoft Corp. inched 0.16% higher to $373.26 Tuesday, on what proved to be an all-around positive trading session for the stock market, with the...",2023-12-19
1,Microsoft: Cloud Leadership Soars.	See how cloud optimization and lower price hikes led to a temporary slowdown in the cloud market in 2023. Click for Microsoft Corporation (MSFT) stock prospects.,2023-12-19
2,Intel Fails To Excite Wall Street With New Chips.	Intel's unveiling of new chips like Gaudi3 failed to impress Wall Street as the stock barely moved after announcement. Find out why INTC stock is a Sell.,2023-12-19
3,"Apple is no longer the favorite of kiddie stock traders, this is what replaced it.	One investing app found that steering kids toward long-term goals is paying off.",2023-12-19
4,"Elevat Announces Groundbreaking Technical Partnership with Microsoft to Revolutionize IoT with the Heavy Machinery industries.	Elevat Inc (Elevat) is thrilled to announce a strategic technical partnership with Microsoft Corp. (NASDAQ: MSFT) that will reshape the Internet of Things (IoT) landscape. Leveraging Elevat Machine Connect and Microsoft Azure Edge, this collaboration promises to accelerate digital transformation and empower businesses with unprecedented connectivity and insights.",2023-12-19
5,"The AI Run Isn’t Over. Microsoft Stock Is Oppenheimer’s Top 2024 Large-Cap Pick..	The stock’s run isn’t over yet, Oppenheimer says.",2023-12-19
6,ESGU Chooses Ethics Without Adding Risk.	iShares ESG Aware MSCI USA is a passively managed fund that follows an ethical investing approach. Learn more about ESGU ETF here.,2023-12-19
7,"Better Artificial Intelligence (AI) Stock: Alphabet vs. Amazon.	These companies have significant earnings potential in AI, but one is trading at a bargain right now.",2023-12-19
8,Intel Can Pass Go With AI PCs.	Intel stock maintained resilient upsurge this year building investor confidence with consistent product roadmapâs delivery progress. Read more on INTC stock here.,2023-12-19
9,Is Microsoft Stock a Buy Now?.	The company is firing on all cylinders as its AI and cloud computing technologies contribute to strong revenue growth.,2023-12-19
10,A New Bull Market Is Here for the Dow Jones. Here Are the 3 Best Dow Stocks to Buy for 2024..	These Dow stocks could be big winners in the new year.,2023-12-19
11,3 Reasons Amazon Stock Could Extend Its Rally in 2024.	Here's why shareholders could be in for an even better year ahead.,2023-12-19
12,"3 Ways to Grow $100,000 Into $1 Million for Retirement Savings.	You might be a lot closer to $1 million than you think.",2023-12-19
13,"The 2023 stock market rally isn't just about seven stocks anymore.	The market rally over the last month hasn't been driven by the Magnificent 7 tech stocks, a promising sign that it actually has legs.",2023-12-19
14,"1 Incredible Stock on Its Way to Join Alphabet, Amazon, Apple, Microsoft, and Nvidia in the $1 Trillion Club in 2024.	The holding company Warren Buffett has managed since 1965 is already most of the way there.",2023-12-19
15,"Where the battle to dominate AI may be won.	When you fire up an artificial intelligence chatbot like Google’s Bard or OpenAI’s ChatGPT, you’re really interacting with the product of three or four key ingredients.",2023-12-19
16,"The Zacks Analyst Blog Highlights Meta Platforms, Intel, NVIDIA, UiPath and Microsoft.	Meta Platforms, Intel, NVIDIA, UiPath and Microsoft are included in this Analyst Blog.",2023-12-19
17,"TomTom creates AI-based conversational assistant for vehicles with Microsoft.	The assistant will allow users to ""converse naturally with their vehicles"" and enable voice interaction with infotainment, location search, and vehicle command systems, the company said.  TomTom, which competes with Google Maps and the world's biggest mapping platform HERE, used various Microsoft services like its Azure OpenAI Service to create the voice assistant.  The Microsoft Azure OpenAI Service allows enterprises to leverage",2023-12-19
18,"How the Chips That Power AI Work.	The technology behind generative AI like ChatGPT has exploded, fueling a demand for chips that can handle the processing power these programs need. WSJ visited Amazon’s chip lab to see how these chips work, and why tech titans think they are the future. Illustration: John McColgan",2023-12-19
19,"Microsoft (MSFT) Laps the Stock Market: Here's Why.	The latest trading day saw Microsoft (MSFT) settling at $372.65, representing a +0.52% change from its previous close.",2023-12-18
20,CD Projekt: Setting The Groundwork For A Promising Future.	CD Projekt regained favor with the gaming community through the successful Cyberpunk 2077 expansion. Find out the reasons why OTGLY stock is a Buy.,2023-12-18
21,"Magnificent Seven Stocks To Buy And Watch: Apple, Nvidia, Tesla In Buy Areas.	Among the Magnificent Seven stocks to buy and watch, Apple, Nvidia and Tesla stock are in new buy areas.",2023-12-18
22,"Tracking Chase Coleman's Tiger Global Portfolio - Q3 2023 Update.	Chase Coleman's Tiger Global Management increased its portfolio value to $13.56 billion. Top holdings: Meta, Microsoft, Apollo, Take-Two, Alphabet. Read more here.",2023-12-18
23,"OpenAI outlines AI safety plan, allowing board to reverse decisions.	Artificial intelligence company OpenAI laid out a framework to address safety in its most advanced models, including allowing the board to reverse safety decisions, according to a plan published on its website Monday.  Microsoft-backed OpenAI will only deploy its latest technology if it is deemed safe in specific areas such as cybersecurity and nuclear threats.  The company is also creating an advisory group to review safety reports and",2023-12-18
24,"Big Tech’s Year of Partnering Up With AI Startups.	(Bloomberg) -- A new crop of artificial intelligence startups has shaken up Silicon Valley — and the wider business world — throughout this year, but there’s one thing that hasn’t changed: Big Tech still wields power.Most Read from BloombergApple to Halt US Sales of Smartwatches After Patent LossUS Frackers Return to Haunt OPEC’s Pricing StrategyBP to Pause All Tanker Transits Through the Red SeaGulf Splits Hinder US Efforts to End Houthi Ship",2023-12-18
25,"Microsoft Corp. stock outperforms competitors on strong trading day.	Shares of Microsoft Corp. inched 0.52% higher to $372.65 Monday, on what proved to be an all-around mixed trading session for the stock market, with the S&P...",2023-12-18
26,"Microsoft 'positioned the best' to drive AI adoption.	As Microsoft (MSFT) broadens its AI reach through partnerships like OpenAI while advancing in-house offerings such as Copilot, Macquarie's Head of AI & Software Research Fred Havemeyer joins Yahoo Finance Live to discuss why he sees Microsoft shares as undervalued given its generative AI potential. Havemeyer believes the revenue and profit opportunities for Microsoft in this space are significant. He forecasts potential EPS reaching as high as $2.17 by",2023-12-18
27,AMD: Bullish Momentum Likely As AI Market Share Improves.	Big tech AI users like Microsoft and Meta Platforms will inevitably partner with Advanced Micro Devices for new AI chips. Find out why AMD stock is a Strong Buy.,2023-12-18
28,Adobe-Figma Breakup Isn’t Just a Win for Regulators. Why Consumers Should Be Cheering Too..	The DOJ praised the collapse of Adobe and Figma’s proposed merger. Why it’s consumers that benefit most.,2023-12-18
29,Adobe's dropped acquisition of Figma is the latest sign of regulatory obstacles.	Rising regulatory barriers and a torrent of lawsuits are giving tech behemoths pause as they pursue mega-mergers and eventually could force them to reset...,2023-12-18
30,"Apple will reach a milestone by the end of next year, analyst says.	Apple Inc. will hit a major milestone by the end of next year, boosted by the tech giant’s performance in China, according to Wedbush analyst Dan Ives.",2023-12-18
31,"20 Countries With The Cheapest Cost Of Living For US Citizens.	In this article, we look at 20 countries with the cheapest cost of living for US citizens. You can skip our detailed analysis on the subject and head over directly to the 5 Countries With The Cheapest Cost Of Living For US Citizens. American consumers are experiencing the burden of burgeoning prices like never seen […]",2023-12-18
32,Visualizing How Big Tech Companies Make Their Billions.	Looking for stock market analysis and research with proves results? Zacks.com offers in-depth financial research with over 30years of proven results.,2023-12-18
33,"OpenAI revamps content moderation ahead of 2024 elections, Information says.	Looking for stock market analysis and research with proves results? Zacks.com offers in-depth financial research with over 30years of proven results.",2023-12-18
34,"Apple's going to $4 trillion, Dan Ives declares; shares fall.	Looking for stock market analysis and research with proves results? Zacks.com offers in-depth financial research with over 30years of proven results.",2023-12-18
35,"Most Active Equity Options For Midday - Monday, Dec. 18.	Looking for stock market analysis and research with proves results? Zacks.com offers in-depth financial research with over 30years of proven results.",2023-12-18
36,"2024 could be a down year for video games, but GTA VI offers hope: Jefferies.	Looking for stock market analysis and research with proves results? Zacks.com offers in-depth financial research with over 30years of proven results.",2023-12-18
37,10 Information Technology Stocks With Whale Alerts In Today's Session.	Looking for stock market analysis and research with proves results? Zacks.com offers in-depth financial research with over 30years of proven results.,2023-12-18
38,3 Stocks You Can Confidently Buy After a Market Downturn.	These companies have surged this year despite a sell-off in 2022.,2023-12-18
39,Top overweight stocks with high growth and low volume - MS.	Looking for stock market analysis and research with proves results? Zacks.com offers in-depth financial research with over 30years of proven results.,2023-12-18
40,Jefferies sees 2024 as the year of Take-Two's Grand Theft Auto VI.	Looking for stock market analysis and research with proves results? Zacks.com offers in-depth financial research with over 30years of proven results.,2023-12-18
41,Nvidia Staffers Warned CEO of Threat AI Would Pose to Minorities.	(Bloomberg) -- Masheika Allgood and Alexander Tsado left their 2020 meeting with Nvidia Corp. Chief Executive Officer Jensen Huang feeling frustrated.Most Read from BloombergApple to Halt US Sales of Smartwatches After Patent LossUS Frackers Return to Haunt OPEC’s Pricing StrategyBP to Pause All Tanker Transits Through the Red SeaGulf Splits Hinder US Efforts to End Houthi Ship AttacksDocuments Reveal Hidden Problems at Russia’s Nuclear,2023-12-18
42,"Adobe expanded share buyback 'likely' after Figma deal break, says Jefferies.	Looking for stock market analysis and research with proves results? Zacks.com offers in-depth financial research with over 30years of proven results.",2023-12-18
43,Zoom's Nasdaq Exit: What's Next for the Former Pandemic Darling Stock?.	Looking for stock market analysis and research with proves results? Zacks.com offers in-depth financial research with over 30years of proven results.,2023-12-18
44,2023 Review: Building A Durable Portfolio.	Building a durable portfolio that can compound greatly over time is key to long-term capital appreciation. Click here to know about my portfolio strategy.,2023-12-18
45,"Inside Amazon’s Effort to Challenge Musk’s Starlink Internet Business.	(Bloomberg) -- For a harrowing hour or two after Amazon.com Inc. launched its first satellites, it appeared the company might have lost one of them. The two prototypes had entered orbit over the Atlantic Ocean at 2:24 p.m. Eastern on Oct. 6. An Amazon antenna on the Indian Ocean island of Mauritius made contact with both, but during a subsequent handoff to another station, only one vehicle checked in. Amazon scanned the sky behind the",2023-12-18
46,MGC: The Big Can Get Bigger.	Vanguard Mega Cap ETF provides exposure to largest US companies and has diversified portfolio across multiple sectors. Read more on MGC ETF here.,2023-12-18
47,"9 Quantum Computing Stocks Billionaires Are Piling Into.	In this article, we will take a look at the 9 quantum computing stocks billionaires are piling into. If you want to skip our detailed analysis of the industry and its growth prospects, go to the 5 Quantum Computing Stocks Billionaires Are Piling Into. In the continuously evolving realm of technology, quantum computing emerges as […]",2023-12-18
48,Do Not Fall In The Classic Trap — Stock Market Euphoria Continues In Spite Of Pushback By Fed Officials.	Looking for stock market analysis and research with proves results? Zacks.com offers in-depth financial research with over 30years of proven results.,2023-12-18
49,This Bull Market Is Still New; Outlook For 2024.	The Federal Reserve's dovish commentary on potential rate cuts has been a nice boost to the markets the past week or so. Learn what investors need to know.,2023-12-18
50,Looking For Stocks To Buy In 2024? Here Are 3 Strong Picks.	Looking for stock market analysis and research with proves results? Zacks.com offers in-depth financial research with over 30years of proven results.,2023-12-18
51,"Market Clubhouse Morning Memo - December 18th, 2023 (Trade Strategy For SPY, QQQ, AAPL, MSFT, META, NVDA, TSLA, And GOOGL).	Looking for stock market analysis and research with proves results? Zacks.com offers in-depth financial research with over 30years of proven results.",2023-12-18
52,The market is second-guessing its dovish reaction to Powell. This analyst says the Fed could slash rates by as much as 4 percentage points..	Looking for stock market analysis and research with proves results? Zacks.com offers in-depth financial research with over 30years of proven results.,2023-12-18
53,"From Recommending Tesla Cars To Generating Code, Chevrolet's ChatGPT-Powered Chatbot Gets Taken For A Ride.	Looking for stock market analysis and research with proves results? Zacks.com offers in-depth financial research with over 30years of proven results.",2023-12-18
54,Artists Retaliate Against AI Image Generators With 'Data Poisoning' Tactic.	Looking for stock market analysis and research with proves results? Zacks.com offers in-depth financial research with over 30years of proven results.,2023-12-18
55,The market is second-guessing its dovish reaction to Powell. This analyst says the Fed could slash rates by as much as 75%..	Looking for stock market analysis and research with proves results? Zacks.com offers in-depth financial research with over 30years of proven results.,2023-12-18
56,"10 Stocks For 2024.	Discover why U.S. stocks are predicted to thrive in 2024, including top picks such as Alphabet, Apple, Microsoft, and Amazon.",2023-12-18
57,IBM to Bulk Up AI Platform With $2.33 Billion Deal. Data Are Key..	International Business Machines agreed to buy two divisions from German firm Software AG to boost its artificial-intelligence platform.,2023-12-18
58,Navigating Market Uncertainty: Intrinsic Value of Microsoft Corp.	Looking for stock market analysis and research with proves results? Zacks.com offers in-depth financial research with over 30years of proven results.,2023-12-18
59,"Logitech Sight camera certified for Microsoft Teams, Zoom Rooms.	Looking for stock market analysis and research with proves results? Zacks.com offers in-depth financial research with over 30years of proven results.",2023-12-18
60,Tech Stocks Surge As Fed Signals Three Rate Cuts In 2024.	Looking for stock market analysis and research with proves results? Zacks.com offers in-depth financial research with over 30years of proven results.,2023-12-18
61,Mastercard Vs. Visa: Which One Is A Better Buy?.	Mastercard and Visa offer low dividend yields but have double-digit dividend growth rates. Find out which is a better buy.,2023-12-18
62,"Dow Jones Futures Rise As Market Runs Hot; Six Magnificent Seven Stocks In Buy Range.	After a huge week for the market rally, here's what to do now. Magnificent Seven stocks are still looking strong.",2023-12-18
63,Why SPY Investors Might Want To Reallocate Into Berkshire Hathaway.	Peter Lynch warns against diworsification in portfolios. Click here to read why investors should consider reallocating to Berkshire Hathaway.,2023-12-18
64,Adobe’s dropped acquisition of Figma is the latest sign of regulatory obstacles.	Looking for stock market analysis and research with proves results? Zacks.com offers in-depth financial research with over 30years of proven results.,2023-12-18
